step,epoch,loss,val_loss,learning_rate,gpu_vram,gpu_util,elapsed_seconds
2,0.01,2.4633,None,4e-05,8.20GB / 11.82GB,69.4%,52.36
4,0.03,2.2332,None,0.00012,8.20GB / 11.82GB,69.4%,94.52
6,0.04,1.9568,None,0.0002,8.20GB / 11.82GB,69.4%,137.97
8,0.06,1.54,None,0.0001999890203099519,8.20GB / 11.82GB,69.4%,181.17
10,0.07,1.2609,None,0.00019995608365087946,8.20GB / 11.82GB,69.4%,225.13
10,0.07,None,1.1267465353012085,0.0,8.20GB / 11.82GB,69.4%,332.46
12,0.08,1.1939,None,0.0001999011972554688,8.20GB / 11.82GB,69.4%,378.6
14,0.1,0.9982,None,0.00019982437317643217,8.20GB / 11.82GB,69.4%,421.89
16,0.11,0.6801,None,0.00019972562828386102,8.20GB / 11.82GB,69.4%,465.15
18,0.13,0.7051,None,0.0001996049842615217,8.20GB / 11.82GB,69.4%,508.35
20,0.14,0.7077,None,0.00019946246760209362,8.20GB / 11.82GB,69.4%,551.59
20,0.14,None,0.6795667409896851,0.0,8.20GB / 11.82GB,69.4%,659.0
22,0.15,0.7013,None,0.00019929810960135172,8.20GB / 11.82GB,69.4%,704.65
24,0.17,0.6941,None,0.0001991119463512941,8.20GB / 11.82GB,69.4%,747.85
26,0.18,0.5811,None,0.0001989040187322164,8.20GB / 11.82GB,69.4%,791.01
28,0.2,0.5956,None,0.00019867437240373489,8.20GB / 11.82GB,69.4%,834.92
30,0.21,0.6495,None,0.00019842305779475968,8.20GB / 11.82GB,69.4%,878.44
30,0.21,None,0.5973930954933167,0.0,8.20GB / 11.82GB,69.4%,986.01
32,0.22,0.5773,None,0.00019815013009242104,8.20GB / 11.83GB,69.3%,1030.25
34,0.24,0.5939,None,0.0001978556492299504,8.20GB / 11.83GB,69.3%,1073.29
36,0.25,0.5146,None,0.00019753967987351978,8.20GB / 11.83GB,69.3%,1116.67
38,0.27,0.5318,None,0.0001972022914080411,8.20GB / 11.83GB,69.3%,1160.17
40,0.28,0.53,None,0.0001968435579219299,8.20GB / 11.83GB,69.3%,1203.12
40,0.28,None,0.573368489742279,0.0,8.20GB / 11.83GB,69.3%,1310.3
42,0.29,0.582,None,0.00019646355819083589,8.20GB / 11.83GB,69.3%,1356.79
44,0.31,0.6274,None,0.00019606237566034443,8.20GB / 11.83GB,69.3%,1399.16
46,0.32,0.6828,None,0.00019564009842765225,8.20GB / 11.83GB,69.3%,1441.03
48,0.34,0.6128,None,0.00019519681922222195,8.20GB / 11.83GB,69.3%,1482.91
50,0.35,0.5234,None,0.00019473263538541914,8.20GB / 11.83GB,69.3%,1526.44
50,0.35,None,0.5559531450271606,0.0,8.20GB / 11.83GB,69.3%,1633.08
52,0.36,0.6094,None,0.0001942476488491369,8.20GB / 11.83GB,69.3%,1679.86
54,0.38,0.6169,None,0.0001937419661134121,8.20GB / 11.83GB,69.3%,1722.37
56,0.39,0.5814,None,0.0001932156982230388,8.20GB / 11.83GB,69.3%,1765.1
58,0.41,0.5618,None,0.00019266896074318334,8.20GB / 11.83GB,69.3%,1807.81
60,0.42,0.569,None,0.0001921018737340071,8.20GB / 11.83GB,69.3%,1850.44
60,0.42,None,0.5452223420143127,0.0,8.20GB / 11.83GB,69.3%,1958.12
62,0.43,0.7125,None,0.00019151456172430183,8.20GB / 11.83GB,69.3%,2003.72
64,0.45,0.5437,None,0.0001909071536841442,8.20GB / 11.83GB,69.3%,2046.89
66,0.46,0.647,None,0.00019027978299657436,8.20GB / 11.83GB,69.3%,2088.33
68,0.48,0.5429,None,0.00018963258742830626,8.20GB / 11.83GB,69.3%,2131.28
70,0.49,0.6531,None,0.00018896570909947475,8.20GB / 11.83GB,69.3%,2173.49
70,0.49,None,0.5365884900093079,0.0,8.20GB / 11.83GB,69.3%,2280.13
72,0.5,0.4938,None,0.00018827929445242676,8.20GB / 11.83GB,69.3%,2326.01
74,0.52,0.5829,None,0.0001875734942195637,8.20GB / 11.83GB,69.3%,2368.9
76,0.53,0.5815,None,0.00018684846339024142,8.20GB / 11.83GB,69.3%,2411.75
78,0.55,0.4726,None,0.00018610436117673555,8.20GB / 11.83GB,69.3%,2455.09
80,0.56,0.6252,None,0.0001853413509792795,8.20GB / 11.83GB,69.3%,2497.62
80,0.56,None,0.5296751260757446,0.0,8.20GB / 11.83GB,69.3%,2605.08
82,0.57,0.5667,None,0.0001845596003501826,8.20GB / 11.83GB,69.3%,2651.17
84,0.59,0.5929,None,0.00018375928095703704,8.20GB / 11.83GB,69.3%,2694.31
86,0.6,0.5776,None,0.0001829405685450202,8.20GB / 11.83GB,69.3%,2737.15
88,0.62,0.5925,None,0.0001821036428983026,8.20GB / 11.83GB,69.3%,2779.49
90,0.63,0.3949,None,0.00018124868780056814,8.20GB / 11.83GB,69.3%,2822.94
90,0.63,None,0.5236369371414185,0.0,8.20GB / 11.83GB,69.3%,2930.01
92,0.65,0.5458,None,0.00018037589099465637,8.20GB / 11.83GB,69.3%,2976.7
94,0.66,0.4359,None,0.00017948544414133534,8.20GB / 11.83GB,69.3%,3019.48
96,0.67,0.53,None,0.00017857754277721415,8.20GB / 11.83GB,69.3%,3062.7
98,0.69,0.4668,None,0.00017765238627180424,8.20GB / 11.83GB,69.3%,3106.68
100,0.7,0.5296,None,0.00017671017778373913,8.20GB / 11.83GB,69.3%,3149.85
100,0.7,None,0.5196599960327148,0.0,8.20GB / 11.83GB,69.3%,3257.22
102,0.72,0.5443,None,0.00017575112421616202,8.20GB / 11.83GB,69.3%,3303.6
104,0.73,0.5114,None,0.0001747754361712911,8.20GB / 11.83GB,69.3%,3345.76
106,0.74,0.579,None,0.00017378332790417273,8.20GB / 11.83GB,69.3%,3388.03
108,0.76,0.5772,None,0.00017277501727563224,8.20GB / 11.83GB,69.3%,3428.31
110,0.77,0.498,None,0.00017175072570443312,8.20GB / 11.83GB,69.3%,3471.61
110,0.77,None,0.5141786336898804,0.0,8.20GB / 11.83GB,69.3%,3578.12
112,0.79,0.549,None,0.00017071067811865476,8.20GB / 11.83GB,69.3%,3624.3
114,0.8,0.6218,None,0.00016965510290629972,8.20GB / 11.83GB,69.3%,3666.75
116,0.81,0.596,None,0.00016858423186514107,8.20GB / 11.83GB,69.3%,3708.9
118,0.83,0.5203,None,0.00016749830015182107,8.20GB / 11.83GB,69.3%,3750.58
120,0.84,0.4399,None,0.00016639754623021225,8.20GB / 11.83GB,69.3%,3792.88
120,0.84,None,0.5125745534896851,0.0,8.20GB / 11.83GB,69.3%,3900.38
122,0.86,0.4481,None,0.00016528221181905217,8.20GB / 11.83GB,69.3%,3946.3
124,0.87,0.4782,None,0.00016415254183886355,8.20GB / 11.83GB,69.3%,3989.1
126,0.88,0.4676,None,0.00016300878435817113,8.20GB / 11.83GB,69.3%,4032.14
128,0.9,0.5518,None,0.00016185119053902747,8.20GB / 11.83GB,69.3%,4075.36
130,0.91,0.4421,None,0.00016068001458185936,8.20GB / 11.83GB,69.3%,4117.52
130,0.91,None,0.5077594518661499,0.0,8.20GB / 11.83GB,69.3%,4225.14
132,0.93,0.4953,None,0.00015949551366964675,8.20GB / 11.83GB,69.3%,4270.45
134,0.94,0.5507,None,0.0001582979479114472,8.20GB / 11.83GB,69.3%,4312.54
136,0.95,0.5633,None,0.00015708758028527752,8.20GB / 11.83GB,69.3%,4354.72
138,0.97,0.5059,None,0.00015586467658036524,8.20GB / 11.83GB,69.3%,4397.78
140,0.98,0.5331,None,0.00015462950533878317,8.20GB / 11.83GB,69.3%,4440.59
140,0.98,None,0.5045287013053894,0.0,8.20GB / 11.83GB,69.3%,4547.97
142,1.0,0.5486,None,0.0001533823377964791,8.20GB / 11.83GB,69.3%,4594.08
144,1.01,0.5089,None,0.000152123447823714,8.20GB / 11.83GB,69.3%,4628.87
146,1.02,0.4267,None,0.00015085311186492206,8.20GB / 11.83GB,69.3%,4670.64
148,1.04,0.4536,None,0.00014957160887800494,8.20GB / 11.83GB,69.3%,4712.97
150,1.05,0.4298,None,0.00014827922027307451,8.20GB / 11.83GB,69.3%,4755.94
150,1.05,None,0.5050878524780273,0.0,8.20GB / 11.83GB,69.3%,4863.02
152,1.06,0.4991,None,0.0001469762298506568,8.20GB / 11.83GB,69.3%,4910.94
154,1.08,0.4378,None,0.0001456629237393713,8.20GB / 11.83GB,69.3%,4953.89
156,1.09,0.4724,None,0.00014433959033309887,8.20GB / 11.83GB,69.3%,4996.32
158,1.11,0.4397,None,0.00014300652022765207,8.20GB / 11.83GB,69.3%,5038.75
160,1.12,0.4402,None,0.00014166400615696231,8.20GB / 11.83GB,69.3%,5081.68
160,1.12,None,0.5034525990486145,0.0,8.20GB / 11.83GB,69.3%,5189.15
162,1.13,0.4886,None,0.00014031234292879725,8.20GB / 11.83GB,69.3%,5233.72
164,1.15,0.4663,None,0.00013895182736002276,8.20GB / 11.83GB,69.3%,5276.37
166,1.16,0.4813,None,0.00013758275821142382,8.20GB / 11.83GB,69.3%,5318.98
168,1.18,0.4907,None,0.00013620543612209861,8.20GB / 11.83GB,69.3%,5360.91
170,1.19,0.4284,None,0.0001348201635434399,8.20GB / 11.83GB,69.3%,5403.34
170,1.19,None,0.5047303438186646,0.0,8.20GB / 11.83GB,69.3%,5510.43
172,1.2,0.4158,None,0.0001334272446727185,8.20GB / 11.83GB,69.3%,5556.69
174,1.22,0.3899,None,0.00013202698538628376,8.20GB / 11.83GB,69.3%,5599.22
176,1.23,0.4093,None,0.00013061969317239468,8.20GB / 11.83GB,69.3%,5642.28
178,1.25,0.4588,None,0.00012920567706369758,8.20GB / 11.83GB,69.3%,5684.57
180,1.26,0.4539,None,0.0001277852475693644,8.20GB / 11.83GB,69.3%,5727.69
180,1.26,None,0.5026977062225342,0.0,8.20GB / 11.83GB,69.3%,5835.22
182,1.27,0.47,None,0.00012635871660690676,8.20GB / 11.83GB,69.3%,5881.09
184,1.29,0.4911,None,0.00012492639743368097,8.20GB / 11.83GB,69.3%,5923.81
186,1.3,0.4099,None,0.00012348860457809838,8.20GB / 11.83GB,69.3%,5966.7
188,1.32,0.4643,None,0.00012204565377055718,8.20GB / 11.83GB,69.3%,6009.59
190,1.33,0.4218,None,0.00012059786187410984,8.20GB / 11.83GB,69.3%,6052.74
190,1.33,None,0.4997134804725647,0.0,8.20GB / 11.83GB,69.3%,6160.22
192,1.34,0.4174,None,0.00011914554681488188,8.20GB / 11.83GB,69.3%,6204.22
194,1.36,0.5062,None,0.0001176890275122573,8.20GB / 11.83GB,69.3%,6247.8
196,1.37,0.4387,None,0.00011622862380884601,8.20GB / 11.83GB,69.3%,6290.57
198,1.39,0.4469,None,0.00011476465640024814,8.20GB / 11.83GB,69.3%,6333.61
200,1.4,0.5718,None,0.00011329744676463143,8.20GB / 11.83GB,69.3%,6375.68
200,1.4,None,0.5007421970367432,0.0,8.20GB / 11.83GB,69.3%,6483.12
202,1.41,0.5302,None,0.00011182731709213659,8.20GB / 11.83GB,69.3%,6528.38
204,1.43,0.4154,None,0.0001103545902141263,8.20GB / 11.83GB,69.3%,6572.12
206,1.44,0.4317,None,0.00010887958953229349,8.20GB / 11.83GB,69.3%,6615.11
208,1.46,0.4898,None,0.00010740263894764429,8.20GB / 11.83GB,69.3%,6658.36
210,1.47,0.5147,None,0.00010592406278937144,8.20GB / 11.83GB,69.3%,6701.48
210,1.47,None,0.5003100633621216,0.0,8.20GB / 11.83GB,69.3%,6808.78
212,1.48,0.493,None,0.00010444418574363353,8.20GB / 11.83GB,69.3%,6855.57
214,1.5,0.4039,None,0.00010296333278225599,8.20GB / 11.83GB,69.3%,6898.96
216,1.51,0.3968,None,0.00010148182909136928,8.20GB / 11.83GB,69.3%,6940.91
218,1.53,0.4464,None,0.0001,8.20GB / 11.83GB,69.3%,6983.58
220,1.54,0.4816,None,9.851817090863073e-05,8.20GB / 11.83GB,69.3%,7024.48
220,1.54,None,0.4977419376373291,0.0,8.20GB / 11.83GB,69.3%,7132.04
222,1.55,0.4773,None,9.703666721774402e-05,8.20GB / 11.83GB,69.3%,7178.21
224,1.57,0.4436,None,9.555581425636648e-05,8.20GB / 11.83GB,69.3%,7220.92
226,1.58,0.4269,None,9.407593721062859e-05,8.20GB / 11.83GB,69.3%,7264.06
228,1.6,0.4214,None,9.259736105235572e-05,8.20GB / 11.83GB,69.3%,7306.76
230,1.61,0.3786,None,9.112041046770653e-05,8.20GB / 11.83GB,69.3%,7349.72
230,1.61,None,0.49496808648109436,0.0,8.20GB / 11.83GB,69.3%,7456.76
232,1.62,0.3745,None,8.96454097858737e-05,8.20GB / 11.83GB,69.3%,7504.86
234,1.64,0.5269,None,8.817268290786343e-05,8.20GB / 11.83GB,69.3%,7546.18
236,1.65,0.4481,None,8.670255323536858e-05,8.20GB / 11.83GB,69.3%,7587.8
238,1.67,0.4205,None,8.523534359975189e-05,8.20GB / 11.83GB,69.3%,7630.72
240,1.68,0.4888,None,8.3771376191154e-05,8.20GB / 11.83GB,69.3%,7673.42
240,1.68,None,0.49393391609191895,0.0,8.20GB / 11.83GB,69.3%,7780.64
242,1.69,0.407,None,8.231097248774274e-05,8.20GB / 11.83GB,69.3%,7824.83
244,1.71,0.4166,None,8.085445318511813e-05,8.20GB / 11.83GB,69.3%,7867.32
246,1.72,0.4171,None,7.940213812589018e-05,8.20GB / 11.83GB,69.3%,7909.93
248,1.74,0.4672,None,7.795434622944281e-05,8.20GB / 11.83GB,69.3%,7953.1
250,1.75,0.3693,None,7.651139542190164e-05,8.20GB / 11.83GB,69.3%,7996.48
250,1.75,None,0.49260014295578003,0.0,8.20GB / 11.83GB,69.3%,8103.07
252,1.76,0.4338,None,7.507360256631904e-05,8.20GB / 11.83GB,69.3%,8148.02
254,1.78,0.4931,None,7.364128339309326e-05,8.20GB / 11.83GB,69.3%,8191.21
256,1.79,0.4304,None,7.221475243063563e-05,8.20GB / 11.83GB,69.3%,8233.54
258,1.81,0.4869,None,7.079432293630244e-05,8.20GB / 11.83GB,69.3%,8276.76
260,1.82,0.4647,None,6.938030682760532e-05,8.20GB / 11.83GB,69.3%,8319.17
260,1.82,None,0.4899555444717407,0.0,8.20GB / 11.83GB,69.3%,8426.31
262,1.83,0.4852,None,6.797301461371625e-05,8.20GB / 11.83GB,69.3%,8471.84
264,1.85,0.43,None,6.65727553272815e-05,8.20GB / 11.83GB,69.3%,8514.57
266,1.86,0.419,None,6.517983645656014e-05,8.20GB / 11.83GB,69.3%,8557.13
268,1.88,0.3781,None,6.379456387790138e-05,8.20GB / 11.83GB,69.3%,8599.88
270,1.89,0.4489,None,6.24172417885762e-05,8.20GB / 11.83GB,69.3%,8641.66
270,1.89,None,0.4896591305732727,0.0,8.20GB / 11.83GB,69.3%,8749.02
272,1.9,0.4167,None,6.104817263997727e-05,8.20GB / 11.83GB,69.3%,8794.69
274,1.92,0.5016,None,5.96876570712028e-05,8.20GB / 11.83GB,69.3%,8836.47
276,1.93,0.5263,None,5.8335993843037695e-05,8.20GB / 11.83GB,69.3%,8878.42
278,1.95,0.3408,None,5.699347977234799e-05,8.20GB / 11.83GB,69.3%,8921.3
280,1.96,0.3879,None,5.566040966690115e-05,8.20GB / 11.83GB,69.3%,8964.2
280,1.96,None,0.4888337254524231,0.0,8.20GB / 11.83GB,69.3%,9071.69
282,1.97,0.4671,None,5.43370762606287e-05,8.20GB / 11.83GB,69.3%,9118.14
284,1.99,0.4591,None,5.302377014934322e-05,8.20GB / 11.83GB,69.3%,9160.67
286,2.0,0.4157,None,5.172077972692553e-05,8.20GB / 11.83GB,69.3%,9195.28
288,2.01,0.286,None,5.042839112199509e-05,8.20GB / 11.83GB,69.3%,9237.77
290,2.03,0.3337,None,4.914688813507797e-05,8.20GB / 11.83GB,69.3%,9280.3
290,2.03,None,0.4884842038154602,0.0,8.20GB / 11.83GB,69.3%,9387.5
292,2.04,0.347,None,4.7876552176286005e-05,8.20GB / 11.83GB,69.3%,9433.66
294,2.06,0.3326,None,4.661766220352097e-05,8.20GB / 11.83GB,69.3%,9476.66
296,2.07,0.3744,None,4.5370494661216835e-05,8.20GB / 11.83GB,69.3%,9519.2
298,2.08,0.3472,None,4.4135323419634766e-05,8.20GB / 11.83GB,69.3%,9562.27
300,2.1,0.3454,None,4.2912419714722496e-05,8.20GB / 11.83GB,69.3%,9605.55
300,2.1,None,0.4970279633998871,0.0,8.20GB / 11.83GB,69.3%,9712.82
302,2.11,0.405,None,4.170205208855281e-05,8.20GB / 11.83GB,69.3%,9758.73
304,2.13,0.3386,None,4.0504486330353264e-05,8.20GB / 11.83GB,69.3%,9801.55
306,2.14,0.4167,None,3.931998541814069e-05,8.20GB / 11.83GB,69.3%,9843.41
308,2.15,0.3187,None,3.814880946097252e-05,8.20GB / 11.83GB,69.3%,9886.18
310,2.17,0.378,None,3.69912156418289e-05,8.20GB / 11.83GB,69.3%,9929.43
310,2.17,None,0.5030245780944824,0.0,8.20GB / 11.83GB,69.3%,10036.69
312,2.18,0.3566,None,3.584745816113648e-05,8.20GB / 11.83GB,69.3%,10082.82
314,2.2,0.3611,None,3.471778818094785e-05,8.20GB / 11.83GB,69.3%,10125.83
316,2.21,0.3597,None,3.360245376978779e-05,8.20GB / 11.83GB,69.3%,10165.83
318,2.22,0.4128,None,3.250169984817897e-05,8.20GB / 11.83GB,69.3%,10209.08
320,2.24,0.3328,None,3.1415768134858945e-05,8.20GB / 11.83GB,69.3%,10251.05
320,2.24,None,0.5042095184326172,0.0,8.20GB / 11.83GB,69.3%,10357.42
322,2.25,0.4117,None,3.034489709370033e-05,8.20GB / 11.83GB,69.3%,10403.53
324,2.27,0.3859,None,2.9289321881345254e-05,8.20GB / 11.83GB,69.3%,10446.82
326,2.28,0.3147,None,2.8249274295566864e-05,8.20GB / 11.83GB,69.3%,10489.37
328,2.29,0.308,None,2.7224982724367776e-05,8.20GB / 11.83GB,69.3%,10532.16
330,2.31,0.3817,None,2.6216672095827266e-05,8.20GB / 11.83GB,69.3%,10574.62
330,2.31,None,0.5055304169654846,0.0,8.20GB / 11.83GB,69.3%,10682.06
332,2.32,0.3674,None,2.5224563828708902e-05,8.20GB / 11.83GB,69.3%,10728.47
334,2.34,0.3424,None,2.4248875783837987e-05,8.20GB / 11.83GB,69.3%,10771.6
336,2.35,0.3349,None,2.328982221626087e-05,8.20GB / 11.83GB,69.3%,10813.88
338,2.36,0.3788,None,2.234761372819577e-05,8.20GB / 11.83GB,69.3%,10857.42
340,2.38,0.3094,None,2.1422457222785873e-05,8.20GB / 11.83GB,69.3%,10900.39
340,2.38,None,0.5064505338668823,0.0,8.20GB / 11.83GB,69.3%,11007.74
342,2.39,0.4124,None,2.0514555858664663e-05,8.20GB / 11.83GB,69.3%,11052.64
344,2.41,0.3324,None,1.9624109005343672e-05,8.20GB / 11.83GB,69.3%,11095.69
346,2.42,0.3392,None,1.875131219943187e-05,8.20GB / 11.83GB,69.3%,11136.73
348,2.43,0.3988,None,1.7896357101697404e-05,8.20GB / 11.83GB,69.3%,11179.37
350,2.45,0.3609,None,1.7059431454979824e-05,8.20GB / 11.83GB,69.3%,11222.35
350,2.45,None,0.5045318007469177,0.0,8.20GB / 11.83GB,69.3%,11329.02
352,2.46,0.3688,None,1.6240719042963002e-05,8.20GB / 11.83GB,69.3%,11374.31
354,2.48,0.3972,None,1.5440399649817385e-05,8.20GB / 11.83GB,69.3%,11416.08
356,2.49,0.3989,None,1.4658649020720538e-05,8.20GB / 11.83GB,69.3%,11459.14
358,2.5,0.3023,None,1.3895638823264446e-05,8.20GB / 11.83GB,69.3%,11502.24
360,2.52,0.3036,None,1.3151536609758586e-05,8.20GB / 11.83GB,69.3%,11545.37
360,2.52,None,0.5046623349189758,0.0,8.20GB / 11.83GB,69.3%,11651.88
362,2.53,0.4111,None,1.2426505780436326e-05,8.20GB / 11.83GB,69.3%,11697.07
364,2.55,0.393,None,1.1720705547573263e-05,8.20GB / 11.83GB,69.3%,11739.22
366,2.56,0.4223,None,1.103429090052528e-05,8.20GB / 11.83GB,69.3%,11782.26
368,2.57,0.399,None,1.0367412571693747e-05,8.20GB / 11.83GB,69.3%,11825.23
370,2.59,0.3369,None,9.720217003425647e-06,8.20GB / 11.83GB,69.3%,11866.76
370,2.59,None,0.5028426051139832,0.0,8.20GB / 11.83GB,69.3%,11974.1
372,2.6,0.2931,None,9.092846315855841e-06,8.20GB / 11.83GB,69.3%,12020.59
374,2.62,0.4059,None,8.485438275698154e-06,8.20GB / 11.83GB,69.3%,12063.08
376,2.63,0.3361,None,7.89812626599291e-06,8.20GB / 11.83GB,69.3%,12106.1
378,2.65,0.3846,None,7.331039256816663e-06,8.20GB / 11.83GB,69.3%,12148.01
380,2.66,0.3738,None,6.7843017769612215e-06,8.20GB / 11.83GB,69.3%,12190.03
380,2.66,None,0.502170205116272,0.0,8.20GB / 11.83GB,69.3%,12296.84
382,2.67,0.431,None,6.258033886587911e-06,8.20GB / 11.83GB,69.3%,12342.73
384,2.69,0.45,None,5.7523511508631336e-06,8.20GB / 11.83GB,69.3%,12385.29
386,2.7,0.3774,None,5.267364614580861e-06,8.20GB / 11.83GB,69.3%,12427.93
388,2.72,0.3637,None,4.803180777778049e-06,8.20GB / 11.83GB,69.3%,12470.48
390,2.73,0.3399,None,4.359901572347758e-06,8.20GB / 11.83GB,69.3%,12513.21
390,2.73,None,0.502465546131134,0.0,8.20GB / 11.83GB,69.3%,12620.4
392,2.74,0.323,None,3.937624339655599e-06,8.20GB / 11.83GB,69.3%,12666.1
394,2.76,0.2864,None,3.5364418091641373e-06,8.20GB / 11.83GB,69.3%,12708.93
396,2.77,0.3013,None,3.156442078070143e-06,8.20GB / 11.83GB,69.3%,12751.88
398,2.79,0.319,None,2.7977085919589254e-06,8.20GB / 11.83GB,69.3%,12793.52
400,2.8,0.317,None,2.460320126480242e-06,8.20GB / 11.83GB,69.3%,12836.5
400,2.8,None,0.5029966235160828,0.0,8.20GB / 11.83GB,69.3%,12944.02
402,2.81,0.4023,None,2.144350770049597e-06,8.20GB / 11.83GB,69.3%,12990.47
404,2.83,0.3677,None,1.8498699075789939e-06,8.20GB / 11.83GB,69.3%,13032.67
406,2.84,0.3668,None,1.576942205240317e-06,8.20GB / 11.83GB,69.3%,13074.99
408,2.86,0.2803,None,1.3256275962651222e-06,8.20GB / 11.83GB,69.3%,13116.32
410,2.87,0.3733,None,1.0959812677835968e-06,8.20GB / 11.83GB,69.3%,13159.51
410,2.87,None,0.5032860040664673,0.0,8.20GB / 11.83GB,69.3%,13266.89
412,2.88,0.3699,None,8.880536487059333e-07,8.20GB / 11.83GB,69.3%,13311.72
414,2.9,0.297,None,7.018903986483083e-07,8.20GB / 11.83GB,69.3%,13354.52
416,2.91,0.3817,None,5.375323979063928e-07,8.20GB / 11.83GB,69.3%,13397.15
418,2.93,0.3455,None,3.950157384783104e-07,8.20GB / 11.83GB,69.3%,13439.82
420,2.94,0.3993,None,2.7437171613898807e-07,8.20GB / 11.83GB,69.3%,13482.12
420,2.94,None,0.5033531785011292,0.0,8.20GB / 11.83GB,69.3%,13589.31
422,2.95,0.3294,None,1.7562682356786487e-07,8.20GB / 11.83GB,69.3%,13635.13
424,2.97,0.3563,None,9.88027445312123e-08,8.20GB / 11.83GB,69.3%,13677.12
426,2.98,0.3675,None,4.391634912056519e-08,8.20GB / 11.83GB,69.3%,13719.82
428,3.0,0.4318,None,1.0979690048107394e-08,8.20GB / 11.83GB,69.3%,13761.61
429,3.0,None,None,0.0,8.20GB / 11.83GB,69.3%,13780.54
